Link, Anchor Text,,
https://www.lawcom.gov.uk/project/wildlife-law/, Wildlife Law | Law Commission,,
http://www.publish.csiro.au/WR/, CSIRO PUBLISHING | Wildlife Research,,
https://www.fws.gov/emergency/, U.S. Fish and Wildlife Service - Emergency Management,,
http://wdfw.wa.gov/publications/00433/hunt_populationreport.pdf, PUBLIC OPINION ON HUNTING AND WILDLIFE MANAGEMENT â€¦,,
http://www.bearbiology.com/fileadmin/tpl/Downloads/URSUS/Vol_10/Bath_Vol_10.pdf, THE ROLE OF HUMAN DIMENSIONS IN WILDLIFE RESOURCE RESEARCH ...,,
https://www.rainbird.com/landscape/products/valves/index.htm, Rain Bird Landscape Irrigation Valves,,
http://jncc.defra.gov.uk/pdf/pubs93_Coppicedwoodlands.pdf, Coppiced woodlands: their management for wildlife - JNCC,,
http://www.cfsph.iastate.edu/Emergency-Response/Just-in-Time/16-Wildlife-Management-Vector-Control.pptx, Wildlife Management and Vector Control for FAD,,
http://www.tandfonline.com/doi/abs/10.1080/10871200902839316, Human Dimensions of Wildlife - Taylor & Francis,,
http://files.dnr.state.mn.us/fish_wildlife/wildlife/disease/cwd/cwdresponseplan.pdf, CWD Response Plan - Minnesota Department of Natural Resources,,
https://en.wikipedia.org/wiki/Wildlife_management, Wildlife management - Wikipedia,,
http://www.merckvetmanual.com/exotic-and-laboratory-animals/reptiles/management-of-reptiles, Management of Reptiles - Exotic and Laboratory Animals ...,,
http://www.csun.edu/~vcpsy00h/students/barbara.htm, Wildlife Education and Attitudes Toward Animals,,
https://www.britannica.com/animal/mammal, mammal | Definition,,
https://wildlifemanagement.institute/, Wildlife Management Institute,,
https://en.wikipedia.org/wiki/Culling, Culling - Wikipedia,,
https://www.nytimes.com/2016/09/30/opinion/wildlife-management-the-view-from-washington.html, Opinion | Wildlife Management: The View From Washington,,
http://www.responsivemanagement.com/about.php, Responsive Management -- About,,
https://www.nbcenvironment.co.uk/bird-control-services/bird-deterrents/falconry-response/, Falconry Bird Control - NBC Environment,,
https://www.lawcom.gov.uk/project/wildlife-law/, Wildlife Law | Law Commission,,
http://acaai.org/allergies/types/food-allergies/types-food-allergy/meat-allergy, Meat Allergy | Causes Symptoms & Treatment | ACAAI Public …,,
http://wildlifehabitat.tamu.edu/Lessons/Wildlife-Habitat-Planning/Readings/Example-Management-Plan.pdf, WILDLIFE MANAGEMENT PLAN FOR RISING STAR RANCH,,
https://birdcontrolgroup.com/, Bird Control Group Prevents conflicts between humans & birds,,
http://www.cienciaanimal.ufpa.br/CA_selecao/M/2010/biblio/Prod/conservac/chardonnet_et_al_2002.pdf, The value of wildlife - UFPA,,
http://sero.nmfs.noaa.gov/protected_resources/marine_mammal_health_and_stranding_response_program/mmstranding_organizations/index.html, Southeast U.S. Marine Mammal Stranding Network ...,,
http://pdma.gos.pk/new/, Sindh Disaster Management Authority ... - PDMA Sindh,,
http://www.fao.org/docrep/012/i1048e/i1048e04.pdf, 3. Human-wildlife conflict management,,
http://www.hillcountryalliance.org/wp-content/uploads/2014/06/wildlife_tax_valuation_from_extension.pdf, Wildlife Management and Property Tax Valuation in Texas ...,,
http://wildlifecontrol.info/nuisance-wildlife-management/, Wildlife Damage Management - Wildlife Control Information,,
http://www.contegoresponse.com/, Pest Control | Bird Control | Contego Response,,
http://www.fao.org/3/a-i6574e.pdf, Fact Sheet: Sustainable Wildlife Management and Gender,,
http://digitalcommons.unl.edu/cgi/viewcontent.cgi?article=1084&context=icwdm_usdanwrc, Emergency Wildlife Management Response to Protect Evidence ...,,
https://www.aphis.usda.gov/animal_health/emergency_management/downloads/ed_materials/wm_authorities_presentation.pptx, Wildlife Management and Vector Control for an FAD Response ...,,
http://www.vtfishandwildlife.com/common/pages/DisplayFile.aspx?itemId=111592, PUBLIC OPINION ON WILDLIFE SPECIES MANAGEMENT IN VERMONT,,
http://www.tandfonline.com/doi/abs/10.1080/10871209.2016.1116029, Human Dimensions of Wildlife - Taylor & Francis,,
http://idahoptv.org/sciencetrek/topics/wildlife/facts.cfm, Wildlife Management: Facts (Science Trek: Idaho Public ...,,
https://www.sciencedirect.com/science/article/pii/S0378112717300452, Response of bird community structure to habitat management ...,,
https://iwc.int/entanglement-response-network, Global Whale Entanglement Response Network - IWC,,
https://www.nixalite.com/products/bird-control-products, Bird Control Products | Nixalite,,
http://acaai.org/allergies/types/food-allergies/types-food-allergy/meat-allergy, Meat Allergy | Causes,,
http://lib.dr.iastate.edu/cgi/viewcontent.cgi?article=1334&context=rtd, The anti-hunting movement--the people involved,,
http://www.deq.virginia.gov/Portals/0/DEQ/CoastalZoneManagement/task49-08.pdf, Virginia Marine Mammal and Sea Turtle Stranding Response ...,,
https://tpwd.texas.gov/publications/pwdpubs/media/pwd_bk_w7000_0788.pdf, WILDLIFE MANAGEMENT ACTIVITIES AND PRACTICES,,
http://www.nature.com/scitable/knowledge/library/intrinsic-value-ecology-and-conservation-25815400, Intrinsic Value,,
https://www.aphis.usda.gov/animal_health/emergency_management/downloads/ed_materials/wm_overview_presentation.pptx, Wildlife Management & Vector Control - USDA,,
http://kingcounty.gov/depts/regional-animal-services/animal-control-response.aspx, Animal control response - King County,,
https://hdru.dnr.cornell.edu/publications, Publications | Human Dimensions Research Unit,,
https://extension.psu.edu/woodchucks, Woodchucks - Penn State Extension,,
https://www.orkin.com/wildlife/, Humane Wildlife Control & Exclusion - Orkin.com,,
http://dpipwe.tas.gov.au/wildlife-management/marine-conservation-program/marine-mammal-incident-response, Marine Mammal Incident Response - Department of Primary ...,,
http://www.pigeon.psy.tufts.edu/avc/akins/, Visual Control of Sexual Behavior - Tufts University,,
https://www.ready.gov/business/implementation/emergency, Emergency Response Plan | Ready.gov,,
https://gov.nu.ca/environment/information/wildlife-management, Wildlife Management | Government of Nunavut,,
http://www.wildlife.ca.gov/grants, Grant Opportunities,,
http://www.sawma.co.za/, SAWMA - The Southern African Wildlife Management ...,,
https://texnat.tamu.edu/library/symposia/juniper-ecology-and-management/cedar-through-the-eyes-of-wildlife/, Cedar through the eyes of wildlife | Texas Natural ...,,
https://www2.estrellamountain.edu/faculty/farabee/BIOBK/BioBookANIMORGSYS.html, ANIMAL ORGAN SYSTEMS AND HOMEOSTASIS,,
http://www.esf.edu/efb/wildlife/, Wildlife Science,,
http://www.bird.ca/, Home : Bird Construction,,
https://www.wildlife.ca.gov/Conservation, Conservation and Management of Wildlife and Habitat,,
https://ceopedia.org/, CEOpedia | Management online,,
http://www.ndow.org/uploadedFiles/ndoworg/Content/public_documents/Wildlife_Education/Publications/bighorn_management_plan.pdf, BIGHORN SHEEP MANAGEMENT PLAN - Nevada Department of Wildlife,,
http://www.wildlifetrusts.org/badger-cull, The badger cull and bTB | The Wildlife Trusts,,
http://www.totalpestcontrol.ie/, Pest Control Dublin | Rodent Control Dublin | Bird Control ...,,
http://ecosystems.psu.edu/youth/sftrc/lesson-plans/wildlife, Wildlife Lesson Plans â€” Department of Ecosystem Science ...,,
http://digitalcommons.unl.edu/cgi/viewcontent.cgi?article=1118&context=icwdmbirdcontrol, THE EFFECT OF INTENSE LIGHT ON BIRD BEHAVIOR AND ... - â€¦,,
https://www.crittercontrol.com/, Animal & Wildlife Removal,,
http://newsinfo.inquirer.net/923963/da-bird-flu-situation-under-control, DA: Bird flu situation â€˜under controlâ€™ | Inquirer News,,
http://www.ncwildlife.org/Portals/0/Hunting/Documents/CWD-Response-Plan.pdf, CHRONIC WASTING DISEASE RESPONSE PLAN,,
http://www.sciencedirect.com/science/article/pii/S1617138114000363, Predictive potential of wildlife value orientations for ...,,
http://wtcnm.com/about-us/management/, Management Â· Wildlife Trading Company,,
http://mason.gmu.edu/~klargen/111lectwildlifemanagementderwin.htm, Wildlife Management - George Mason University,,
https://www.researchgate.net/profile/Alfons_Mosimane/publication/265288888_Wildlife_tourism_community_natural_resource_management_wildlife_value_orientations_and_quality_indicators_in_indigenous_Namibian_villages/links/54b629260cf26833efd35893.pdf?origin=publication_list, Wildlife tourism  community<based natural resource …,,
http://myfwc.com/wildlifehabitats/profiles/mammals/land/wild-hog/, Land Mammals - Wild Hog - Florida Fish and Wildlife ...,,
http://www.sfrc.ufl.edu/Extension/florida_forestry_information/forest_management/wildlife_management.html, Wildlife Management - Other Forest Values - Forest ...,,
https://jhupbooks.press.jhu.edu/content/wildlife-management-and-conservation, Wildlife Management and Conservation - Books,,
https://tpwd.texas.gov/publications/pwdpubs/media/pwd_bk_w7000_0002a.pdf, A Checklist Vegetation of the Kerr Wildlife Management ...,,
https://texnat.tamu.edu/library/symposia/brush-sculptors-innovations-for-tailoring-brushy-rangelands-to-enhance-wildlife-habitat-and-recreational-value/brush-management-and-its-impact-on-land-value/, Brush management and its impact on land value | Texas ...,,
http://sero.nmfs.noaa.gov/protected_resources/marine_mammal_health_and_stranding_response_program/index.html, Marine Mammal Health and Stranding Response Program ...,,
http://www.wildlifetrusts.org/, The Wildlife Trusts,,
http://www.dec.ny.gov/outdoor/6403.html, Deer Management Permits (DMPs) - NYS Dept. of ...,,
http://www.wildlifecampus.com/Courses/WildlifeManagement/NutritionalPhysiologyforHerbivores/NutritionalValueofPlants/55.pdf, Nutritional Value of Plants - WildlifeCampus,,
https://cmsdata.iucn.org/downloads/human_wildlife_policy.pdf, NATIONAL POLICY ON HUMAN-WILDLIFE CONFLICT MANAGEMENT â€¦,,
http://study.com/articles/Associates_in_Wildlife_Management_Degree_Program_Overview.html, Associates in Wildlife Management: Degree Program Overview,,
http://www.esf.edu/efb/fishwild/, Fish and Wildlife Biology & Management,,
https://www.dpaw.wa.gov.au/management/marine/marine-wildlife/marine-wildlife-response?showall=&start=1, Marine wildlife response - Department of Parks and Wildlife,,
https://hdru.dnr.cornell.edu/publications/environmental-management/wildlife, Wildlife Resources Management and Policy | Human ...,,
https://dese.mo.gov/sites/default/files/aged-instructional-framework-Fish&WildlifeMngmnt.pdf, Fish & Wildlife Management Instructional Framework,,
https://www.industry.nsw.gov.au/__data/assets/pdf_file/0003/51285/Oil-and-chemical-spill-wildlife-response-notification-and-command-structure-policy.pdf, Oil and chemical spill wildlife response - Notification ...,,
https://www.gov.uk/topic/environmental-management/wildlife-habitat-conservation, Environmental management : Wildlife and habitat ...,,
https://extension.psu.edu/animals-and-livestock/wildlife, Wildlife - Animals and Livestock - Penn State Extension,,
https://comptroller.texas.gov/taxes/property-tax/docs/96-354.pdf, Qualification of Agricultural Land in Wildlife Management Use,,
https://www.rspb.org.uk/ourwork/conservation/advice/farmhedges/value.aspx, Value Of Hedges for Wildlife | Conservation - The RSPB,,
http://www.fws.gov/alaska/PDFs/PBRT%20Recovery%20Plan%20Book.pdf, Draft Conservation Management Plan - US Fish and Wildlife ...,,
http://www.911bugbusters.com/, 911bugbusters,,
http://www.abc.net.au/science/articles/2009/09/02/2674674.htm, Solving Australia's mammal extinction crisis â€º Analysis ...,,
https://www.ecologyandsociety.org/vol15/iss4/art10/, An Evaluation of Feral Cat Management Options Using a ...,,
http://www.contegoresponse.com/sector/bird-control/, Bird Control | Pest Bird Control | Bird Management | Contego,,
http://fwp.mt.gov/fishAndWildlife/management/managementPrinciples.html, Principles of Wildlife Management - Montana Fish,,
http://www.apu.apus.edu/lp2/environmental-science/bachelors-fish-and-wildlife.htm, Environmental Science Degrees and Fish and Wildlife ...,,
