Link, Anchor Text
https://www.nytimes.com/2016/09/30/opinion/wildlife-management-the-view-from-washington.html, Opinion | Wildlife Management: The View From Washington
http://www.csun.edu/~vcpsy00h/students/barbara.htm, Wildlife Education and Attitudes Toward Animals
https://www.rspb.org.uk/ourwork/conservation/advice/farmhedges/value.aspx, Value Of Hedges for Wildlife | Conservation - The RSPB
https://www.buglife.org.uk/sites/default/files/When%20is%20Brownfield%20land%20of%20high%20environmental%20value%20June%2015.pdf, Open mosaic habitats high value guidance: when is brownfield ...
http://suehyland.co.uk/ond/primitive-reflexes/, Primitive Reflexes | Optimising Neurological Development
http://www.kznwildlife.com/umkhanyakude-district-municipality/168-conservation/wildlife-management/855-habitat-preference-of-game-mammals.html, KZN Wildlife - Habitat Preference Of Game Mammals
http://www.acsedu.com/info/pets/animal-care-and-handling/animal-perception.aspx, Animal Perception | Pet response to stimuli
http://www.contegoresponse.com/, Pest Control | Bird Control | Contego Response
http://www.nbcbirdandpest.co.uk/bird-control-services/, Bird Control Service | NBC Environment
https://en.wikipedia.org/wiki/Mammal, Mammal - Wikipedia
http://www.ielrc.org/content/w0504.pdf, Land Tenure
https://ceopedia.org/, CEOpedia | Management online
http://scotland.forestry.gov.uk/, Homepage - Forestry Commission Scotland
https://www.aphis.usda.gov/animal_health/emergency_management/downloads/ed_materials/wm_authorities_presentation.pptx, Wildlife Management and Vector Control for an FAD Response in ...
https://www.sciencedirect.com/science/article/pii/S0006320714000391, High-value natural resources: Linking wildlife conservation ...
http://wildlifehabitat.tamu.edu/Lessons/Wildlife-Habitat-Planning/Readings/Example-Management-Plan.pdf, WILDLIFE MANAGEMENT PLAN FOR RISING STAR RANCH
https://dese.mo.gov/sites/default/files/aged-instructional-framework-Fish&WildlifeMngmnt.pdf, Fish & Wildlife Management Instructional Framework
http://mason.gmu.edu/~klargen/111lectwildlifemanagementderwin.htm, Wildlife Management - George Mason University
https://bird-x.com/bird-products/spikes/plastic-spikes/, Plastic Spikes | Bird-X
https://www.doeni.gov.uk/, Home | Department of the Environment
http://wildpro.twycrosszoo.org/List_Vols/Wildpro_Gen_Cont.htm, Wildpro Contents - Twycross Zoo
http://idahoptv.org/sciencetrek/topics/wildlife/facts.cfm, Wildlife Management: Facts (Science Trek: Idaho Public ...
http://digitalcommons.unl.edu/cgi/viewcontent.cgi?article=1127&context=icwdm_usdanwrc, Wildlife Hazard Management at Airports: A Manual for Airport ...
https://www.rentokil.co.uk/birds/species/, Common Pest Bird Species | Rentokil Pest Control
http://www.pest-force.co.uk/bird-control-proofing.aspx, BIRD CONTROL – BIRD PROOFING
http://www.fao.org/3/a-i4893e.pdf, Sustainable wildlife management and human-wildlife conflict ...
http://www.publish.csiro.au/WR/, CSIRO PUBLISHING | Wildlife Research
http://www.cieem.net/, CIEEM - Institute of Ecology and Environmental Management
http://www.smru.st-andrews.ac.uk/, SMRU | Sea Mammal Research Unit
https://midwestfishwildlifeconferen2018.sched.com/event/D0vO/carnivores-public-preferences-for-management-actions-in-response-to-various-black-bear-human-interactions, Midwest Fish & Wildlife Conference 2018: CARNIVORES: Public ...
http://www.georgewright.org/0755tessema.pdf, Community Attitudes towards Wildlife Conservation in Ethiopia
https://midwestfishwildlifeconferen2018.sched.com/event/D0vO/carnivores-public-preferences-for-management-actions-in-response-to-various-black-bear-human-interactions, Midwest Fish & Wildlife Conference 2018: CARNIVORES: Public ...
http://www.fao.org/3/a-i4893e.pdf, Sustainable wildlife management and human-wildlife conflict ...
https://iwc.int/entanglement-response-network, Global Whale Entanglement Response Network - IWC
http://www.fao.org/docrep/012/i1048e/i1048e04.pdf, 3. Human-wildlife conflict management
http://www.beauforthunt.com/Docs/hwmmi_december_2011.pdf, HUNTING
http://files.dnr.state.mn.us/fish_wildlife/wildlife/disease/cwd/cwdresponseplan.pdf, CWD Response Plan - Minnesota Department of Natural Resources
http://www.cienciaanimal.ufpa.br/CA_selecao/M/2010/biblio/Prod/conservac/chardonnet_et_al_2002.pdf, The value of wildlife - UFPA
http://www.stateofthebirds.org/2009/home-page-documents/the-value-of-birds, State of the Birds 2009 — The Value of Birds
https://www.sciencedirect.com/science/article/pii/S0378112717300452, Response of bird community structure to habitat management in ...
http://www.fws.gov/alaska/PDFs/PBRT%20Recovery%20Plan%20Book.pdf, Draft Conservation Management Plan - US Fish and Wildlife ...
https://comptroller.texas.gov/taxes/property-tax/docs/96-354.pdf, Qualification of Agricultural Land in Wildlife Management Use
https://www.dpaw.wa.gov.au/management/marine/marine-wildlife/marine-wildlife-response?showall=&start=1, Marine wildlife response - Department of Parks and Wildlife
http://www.gwct.org.uk/, Game & Wildlife Conservation Trust
http://wildlifecontrol.info/nuisance-wildlife-management/, Wildlife Damage Management - Wildlife Control Information
http://dpipwe.tas.gov.au/wildlife-management/marine-conservation-program/marine-mammal-incident-response, Marine Mammal Incident Response - Department of Primary ...
http://www.ielrc.org/content/w0504.pdf, Land Tenure
http://copingskills4kids.net/Reptilian_Coping_Brain.html, Reptilian Coping Brain - Coping Skills for Kids
http://www.pigeoncontrolresourcecentre.org/html/pigeon-pest-control-and-the-law.html, Pigeon Pest Control and the Law - PCRC
https://www.orkin.com/wildlife/, Humane Wildlife Control & Exclusion - Orkin.com
http://www.cfsph.iastate.edu/Emergency-Response/Just-in-Time/16-Wildlife-Management-Vector-Control.pptx, Wildlife Management and Vector Control for FAD
http://www.ebay.co.uk/bhp/plastic-bird-spikes, Plastic Bird Spikes: Weed/ Pest Control | eBay
https://bpca.org.uk/about, About BPCA | Our Mission and Vision for Pest Control in Britain
https://www.fws.gov/emergency/, U.S. Fish and Wildlife Service - Emergency Management
http://www.vtfishandwildlife.com/common/pages/DisplayFile.aspx?itemId=111592, PUBLIC OPINION ON WILDLIFE SPECIES MANAGEMENT IN VERMONT
http://www.tandfonline.com/doi/abs/10.1080/10871209.2016.1116029, Pet Ownership attitude towards pets and support for wildlife
http://idahoptv.org/sciencetrek/topics/wildlife/facts.cfm, Wildlife Management: Facts (Science Trek: Idaho Public ...
http://digitalcommons.unl.edu/cgi/viewcontent.cgi?article=1127&context=icwdm_usdanwrc, Wildlife Hazard Management at Airports: A Manual for Airport ...
https://www.gwct.org.uk/wildlife/research/mammals/american-mink/mink-in-britain/, Mink in Britain - Game and Wildlife Conservation Trust
https://birdcontrolgroup.com/, Bird Control Group Prevents conflicts between humans & birds
https://www.sciencedirect.com/science/article/pii/S0378112717300452, Response of bird community structure to habitat management in ...
http://www.hillcountryalliance.org/wp-content/uploads/2014/06/wildlife_tax_valuation_from_extension.pdf, Wildlife Management and Property Tax Valuation in Texas Larry ...
http://dnr.wi.gov/topic/WildlifeHabitat/wolf/documents/WolfAttitudeSurveyReportDRAFT.pdf, Public Attitudes towards Wolves and Wolf Management in ...
http://www.suffolkwildlifetrust.org/sites/default/files/grassland_-_weed_control_0.pdf, Thistle rush nettle and dock control in grassland
http://www.contegoresponse.com/landing/birdcontrolspecialists/, BIRD CONTROL SPECIALISTS - Contego Response
http://digitalcommons.unl.edu/cgi/viewcontent.cgi?article=1382&context=icwdm_usdanwrc, Economics in Wildlife Damage Management Studies: Common ...
https://www.bto.org/volunteer-surveys/gbw/gardens-wildlife, Gardens & wildlife | BTO - British Trust for Ornithology
https://faunalytics.org/feature-article/public-opinion-on-wildlife-species-management-in-vermont/, Public Opinion on Wildlife Species Management in Vermont ...
http://www.birdlife.org/, BirdLife | Partnership for nature and people
https://alaskafisheries.noaa.gov/pr, Protected Resources | NOAA Fisheries Alaska Regional Office
http://www.shootingfacts.co.uk/pdf/The-Value-of-Shooting-2014.pdf, THE VALUE OF SHOOTING - shootingfacts.co.uk
https://wildlifemanagement.institute/, Wildlife Management Institute
http://wdfw.wa.gov/publications/00433/hunt_populationreport.pdf, PUBLIC OPINION ON HUNTING AND WILDLIFE MANAGEMENT IN WASHINGTON
http://www.responsivemanagement.com/about.php, Responsive Management -- About
http://www.bearbiology.com/fileadmin/tpl/Downloads/URSUS/Vol_10/Bath_Vol_10.pdf, THE ROLE OF HUMAN DIMENSIONS IN WILDLIFE RESOURCE RESEARCH IN ...
http://www.cfsph.iastate.edu/Emergency-Response/Just-in-Time/16-Wildlife-Management-Vector-Control.pptx, Wildlife Management and Vector Control for FAD
http://www.nature.com/scitable/knowledge/library/intrinsic-value-ecology-and-conservation-25815400, Intrinsic Value in Ecology and Conservation
http://www.tandfonline.com/doi/abs/10.1080/10871200902839316, Human Dimensions of Wildlife - Taylor & Francis
https://www.afsc.noaa.gov/nmml/education/science/mmcareers1.php, National Marine Mammal Laboratory
http://www.wildlifetrusts.org/, The Wildlife Trusts
http://r.search.yahoo.com/_ylt=A9mSs2S6YxRaonUAfRJLBQx.;_ylu=X3oDMTEyc3JiMWg2BGNvbG8DaXIyBHBvcwMxBHZ0aWQDQjM0NzFfMQRzZWMDc3I-/RV=2/RE=1511314491/RO=10/RU=http%3a%2f%2fjncc.defra.gov.uk%2fpdf%2fpubs93_Coppicedwoodlands.pdf/RK=2/RS=whWNdcIVO09EeuE2I6vkmQz1Lfo-, Coppiced woodlands: their management for wildlife - JNCC
https://www.gov.uk/government/organisations/natural-england, Natural England - Official Site
https://en.wikipedia.org/wiki/Wildlife_management, Wildlife management - Wikipedia
http://www.merckvetmanual.com/exotic-and-laboratory-animals/reptiles/management-of-reptiles, Management of Reptiles - Exotic and Laboratory Animals ...
https://www.rspb.org.uk/ourwork/conservation/advice/gorse/index.aspx, Managing gorse for wildlife - The RSPB
https://www.gov.uk/topic/environmental-management/wildlife-habitat-conservation, Environmental management : Wildlife and habitat conservation ...
https://www.nbcenvironment.co.uk/bird-control-services/bird-deterrents/falconry-response/, Falconry Bird Control - NBC Environment
https://www.britannica.com/animal/mammal, mammal | Definition
https://www.nytimes.com/2016/09/30/opinion/wildlife-management-the-view-from-washington.html, Opinion | Wildlife Management: The View From Washington
http://www.nmfs.noaa.gov/pr/species/mammals/, Marine Mammals :: NOAA Fisheries
https://faunalytics.org/feature-article/public-opinion-on-wildlife-species-management-in-vermont/, Public Opinion on Wildlife Species Management in Vermont ...
http://www.umass.edu/hd/resources/KennedyValues.pdf, Managing Natural Resources as Social Value (1)
http://www.wildlifecampus.com/Courses/WildlifeManagement/NutritionalPhysiologyforHerbivores/NutritionalValueofPlants/55.pdf, Nutritional Value of Plants - WildlifeCampus
https://hdru.dnr.cornell.edu/publications, Publications | Human Dimensions Research Unit
http://www.vet-wildlifemanagement.org.uk/index.php?option=com_content&task=view&id=15&Itemid=29, Veterinary Association for Wildlife Management - Management ...
https://www.pet-supermarket.co.uk/..., Pet-Supermarket.co.uk | UK Online Pet Supplies Store | Free ...
https://comptroller.texas.gov/taxes/property-tax/docs/96-354.pdf, Qualification of Agricultural Land in Wildlife Management Use
https://extension.psu.edu/animals-and-livestock/wildlife, Wildlife - Animals and Livestock - Penn State Extension
https://www.chesterzoo.org/, Visit Chester Zoo
http://www.cushmanwakefield.co.uk/, Cushman & Wakefield - Commercial Real Estate Agents And ...
